Workbook

Sheet Dashboard
A1: Mbappe Group of Hotels | Dashboard | Revenue - 2025
A4: Liffey Quarter Hotels - | C4: 150 rooms
A5: Hotel California - | C5: 125 rooms
A6: Property: | B6: Hotel California
A8: YTD RevPAR (€) | C8: Average ADR (€) | E8: Overall Occupancy | G8: CompSet Rate Index
A9: ='Monthly Data'!G16 -> 181.26569 | C9: ='Monthly Data'!F16 -> 220.12901 | E9: ='Monthly Data'!E16 -> 0.82345205 | G9: ='Monthly Data'!J16 -> 119.1139

Sheet Hotel Data
A1: Date | B1: Property | C1: Month | D1: Season | E1: Day | F1: Rooms Sold | G1: Total Rooms Available | H1: Room Revenue (€) | I1: Competitor Set Avg Rate (€) | J1: Occupancy % | K1: ADR (€) | L1: RevPAR (€) | M1: Rate Variance vs CompSet (€) | N1: Event / Demand Driver
A2: 45658 | B2: Liffey Quarter Hotel | C2: =CHOOSE(MONTH(A2),"Jan","Feb","Mar","Apr","May","Jun","Jul","Aug","Sep","Oct","Nov","Dec") -> Jan | D2: =IF(AND(MONTH(A2)>=5,MONTH(A2)<=9),"Peak","Off-Peak") -> Off-Peak | E2: =CHOOSE(WEEKDAY(A2,2),"Mon","Tue","Wed","Thu","Fri","Sat","Sun") -> Wed | F2: 91 | G2: 150 | H2: 11583.98 | I2: 131.84 | J2: =IF(G2=0,0,F2/G2) -> 0.60666667 | K2: =IF(F2=0,0,H2/F2) -> 127.29648 | L2: =IF(G2=0,0,H2/G2) -> 77.226533 | M2: =K2-I2 -> -4.5435165
A3: 45659 | B3: Liffey Quarter Hotel | C3: =CHOOSE(MONTH(A3),"Jan","Feb","Mar","Apr","May","Jun","Jul","Aug","Sep","Oct","Nov","Dec") -> Jan | D3: =IF(AND(MONTH(A3)>=5,MONTH(A3)<=9),"Peak","Off-Peak") -> Off-Peak | E3: =CHOOSE(WEEKDAY(A3,2),"Mon","Tue","Wed","Thu","Fri","Sat","Sun") -> Thu | F3: 99 | G3: 150 | H3: 14106.16 | I3: 135.18 | J3: =IF(G3=0,0,F3/G3) -> 0.66 | K3: =IF(F3=0,0,H3/F3) -> 142.48646 | L3: =IF(G3=0,0,H3/G3) -> 94.041067 | M3: =K3-I3 -> 7.3064646
A4: 45660 | B4: Liffey Quarter Hotel | C4: =CHOOSE(MONTH(A4),"Jan","Feb","Mar","Apr","May","Jun","Jul","Aug","Sep","Oct","Nov","Dec") -> Jan | D4: =IF(AND(MONTH(A4)>=5,MONTH(A4)<=9),"Peak","Off-Peak") -> Off-Peak | E4: =CHOOSE(WEEKDAY(A4,2),"Mon","Tue","Wed","Thu","Fri","Sat","Sun") -> Fri | F4: 101 | G4: 150 | H4: 13896.7 | I4: 139.94 | J4: =IF(G4=0,0,F4/G4) -> 0.67333333 | K4: =IF(F4=0,0,H4/F4) -> 137.59109 | L4: =IF(G4=0,0,H4/G4) -> 92.644667 | M4: =K4-I4 -> -2.3489109
A5: 45661 | B5: Liffey Quarter Hotel | C5: =CHOOSE(MONTH(A5),"Jan","Feb","Mar","Apr","May","Jun","Jul","Aug","Sep","Oct","Nov","Dec") -> Jan | D5: =IF(AND(MONTH(A5)>=5,MONTH(A5)<=9),"Peak","Off-Peak") -> Off-Peak | E5: =CHOOSE(WEEKDAY(A5,2),"Mon","Tue","Wed","Thu","Fri","Sat","Sun") -> Sat | F5: 104 | G5: 150 | H5: 14778.05 | I5: 136.53 | J5: =IF(G5=0,0,F5/G5) -> 0.69333333 | K5: =IF(F5=0,0,H5/F5) -> 142.09663 | L5: =IF(G5=0,0,H5/G5) -> 98.520333 | M5: =K5-I5 -> 5.5666346
A6: 45662 | B6: Liffey Quarter Hotel | C6: =CHOOSE(MONTH(A6),"Jan","Feb","Mar","Apr","May","Jun","Jul","Aug","Sep","Oct","Nov","Dec") -> Jan | D6: =IF(AND(MONTH(A6)>=5,MONTH(A6)<=9),"Peak","Off-Peak") -> Off-Peak | E6: =CHOOSE(WEEKDAY(A6,2),"Mon","Tue","Wed","Thu","Fri","Sat","Sun") -> Sun | F6: 85 | G6: 150 | H6: 10393.59 | I6: 128.96 | J6: =IF(G6=0,0,F6/G6) -> 0.56666667 | K6: =IF(F6=0,0,H6/F6) -> 122.27753 | L6: =IF(G6=0,0,H6/G6) -> 69.2906 | M6: =K6-I6 -> -6.6824706
A7: 45663 | B7: Liffey Quarter Hotel | C7: =CHOOSE(MONTH(A7),"Jan","Feb","Mar","Apr","May","Jun","Jul","Aug","Sep","Oct","Nov","Dec") -> Jan | D7: =IF(AND(MONTH(A7)>=5,MONTH(A7)<=9),"Peak","Off-Peak") -> Off-Peak | E7: =CHOOSE(WEEKDAY(A7,2),"Mon","Tue","Wed","Thu","Fri","Sat","Sun") -> Mon | F7: 88 | G7: 150 | H7: 10851.92 | I7: 126.54 | J7: =IF(G7=0,0,F7/G7) -> 0.58666667 | K7: =IF(F7=0,0,H7/F7) -> 123.31727 | L7: =IF(G7=0,0,H7/G7) -> 72.346133 | M7: =K7-I7 -> -3.2227273
A8: 45664 | B8: Liffey Quarter Hotel | C8: =CHOOSE(MONTH(A8),"Jan","Feb","Mar","Apr","May","Jun","Jul","Aug","Sep","Oct","Nov","Dec") -> Jan | D8: =IF(AND(MONTH(A8)>=5,MONTH(A8)<=9),"Peak","Off-Peak") -> Off-Peak | E8: =CHOOSE(WEEKDAY(A8,2),"Mon","Tue","Wed","Thu","Fri","Sat","Sun") -> Tue | F8: 94 | G8: 150 | H8: 12432.33 | I8: 135.57 | J8: =IF(G8=0,0,F8/G8) -> 0.62666667 | K8: =IF(F8=0,0,H8/F8) -> 132.25883 | L8: =IF(G8=0,0,H8/G8) -> 82.8822 | M8: =K8-I8 -> -3.3111702
A9: 45665 | B9: Liffey Quarter Hotel | C9: =CHOOSE(MONTH(A9),"Jan","Feb","Mar","Apr","May","Jun","Jul","Aug","Sep","Oct","Nov","Dec") -> Jan | D9: =IF(AND(MONTH(A9)>=5,MONTH(A9)<=9),"Peak","Off-Peak") -> Off-Peak | E9: =CHOOSE(WEEKDAY(A9,2),"Mon","Tue","Wed","Thu","Fri","Sat","Sun") -> Wed | F9: 95 | G9: 150 | H9: 11746.85 | I9: 129.61 | J9: =IF(G9=0,0,F9/G9) -> 0.63333333 | K9: =IF(F9=0,0,H9/F9) -> 123.65105 | L9: =IF(G9=0,0,H9/G9) -> 78.312333 | M9: =K9-I9 -> -5.9589474
A10: 45666 | B10: Liffey Quarter Hotel | C10: =CHOOSE(MONTH(A10),"Jan","Feb","Mar","Apr","May","Jun","Jul","Aug","Sep","Oct","Nov","Dec") -> Jan | D10: =IF(AND(MONTH(A10)>=5,MONTH(A10)<=9),"Peak","Off-Peak") -> Off-Peak | E10: =CHOOSE(WEEKDAY(A10,2),"Mon","Tue","Wed","Thu","Fri","Sat","Sun") -> Thu | F10: 94 | G10: 150 | H10: 13042.58 | I10: 133.07 | J10: =IF(G10=0,0,F10/G10) -> 0.62666667 | K10: =IF(F10=0,0,H10/F10) -> 138.75085 | L10: =IF(G10=0,0,H10/G10) -> 86.950533 | M10: =K10-I10 -> 5.6808511
A11: 45667 | B11: Liffey Quarter Hotel | C11: =CHOOSE(MONTH(A11),"Jan","Feb","Mar","Apr","May","Jun","Jul","Aug","Sep","Oct","Nov","Dec") -> Jan | D11: =IF(AND(MONTH(A11)>=5,MONTH(A11)<=9),"Peak","Off-Peak") -> Off-Peak | E11: =CHOOSE(WEEKDAY(A11,2),"Mon","Tue","Wed","Thu","Fri","Sat","Sun") -> Fri | F11: 99 | G11: 150 | H11: 13765.43 | I11: 141.97 | J11: =IF(G11=0,0,F11/G11) -> 0.66 | K11: =IF(F11=0,0,H11/F11) -> 139.04475 | L11: =IF(G11=0,0,H11/G11) -> 91.769533 | M11: =K11-I11 -> -2.9252525
A12: 45668 | B12: Liffey Quarter Hotel | C12: =CHOOSE(MONTH(A12),"Jan","Feb","Mar","Apr","May","Jun","Jul","Aug","Sep","Oct","Nov","Dec") -> Jan | D12: =IF(AND(MONTH(A12)>=5,MONTH(A12)<=9),"Peak","Off-Peak") -> Off-Peak | E12: =CHOOSE(WEEKDAY(A12,2),"Mon","Tue","Wed","Thu","Fri","Sat","Sun") -> Sat | F12: 110 | G12: 150 | H12: 15652.5 | I12: 140.62 | J12: =IF(G12=0,0,F12/G12) -> 0.73333333 | K12: =IF(F12=0,0,H12/F12) -> 142.29545 | L12: =IF(G12=0,0,H12/G12) -> 104.35 | M12: =K12-I12 -> 1.6754545
A13: 45669 | B13: Liffey Quarter Hotel | C13: =CHOOSE(MONTH(A13),"Jan","Feb","Mar","Apr","May","Jun","Jul","Aug","Sep","Oct","Nov","Dec") -> Jan | D13: =IF(AND(MONTH(A13)>=5,MONTH(A13)<=9),"Peak","Off-Peak") -> Off-Peak | E13: =CHOOSE(WEEKDAY(A13,2),"Mon","Tue","Wed","Thu","Fri","Sat","Sun") -> Sun | F13: 83 | G13: 150 | H13: 10428.29 | I13: 126.56 | J13: =IF(G13=0,0,F13/G13) -> 0.55333333 | K13: =IF(F13=0,0,H13/F13) -> 125.64205 | L13: =IF(G13=0,0,H13/G13) -> 69.521933 | M13: =K13-I13 -> -0.91795181
... A32: 45688 | B32: Liffey Quarter Hotel | C32: =CHOOSE(MONTH(A32),"Jan","Feb","Mar","Apr","May","Jun","Jul","Aug","Sep","Oct","Nov","Dec") -> Jan | D32: =IF(AND(MONTH(A32)>=5,MONTH(A32)<=9),"Peak","Off-Peak") -> Off-Peak | E32: =CHOOSE(WEEKDAY(A32,2),"Mon","Tue","Wed","Thu","Fri","Sat","Sun") -> Fri | F32: 105 | G32: 150 | H32: 15096.36 | I32: 140.26 | J32: =IF(G32=0,0,F32/G32) -> 0.7 | K32: =IF(F32=0,0,H32/F32) -> 143.77486 | L32: =IF(G32=0,0,H32/G32) -> 100.6424 | M32: =K32-I32 -> 3.5148571
A33: 45689 | B33: Liffey Quarter Hotel | C33: =CHOOSE(MONTH(A33),"Jan","Feb","Mar","Apr","May","Jun","Jul","Aug","Sep","Oct","Nov","Dec") -> Feb | D33: =IF(AND(MONTH(A33)>=5,MONTH(A33)<=9),"Peak","Off-Peak") -> Off-Peak | E33: =CHOOSE(WEEKDAY(A33,2),"Mon","Tue","Wed","Thu","Fri","Sat","Sun") -> Sat | F33: 125 | G33: 150 | H33: 20905.39 | I33: 160.44 | J33: =IF(G33=0,0,F33/G33) -> 0.83333333 | K33: =IF(F33=0,0,H33/F33) -> 167.24312 | L33: =IF(G33=0,0,H33/G33) -> 139.36927 | M33: =K33-I33 -> 6.80312 | N33: Rugby international weekend
A34: 45690 | B34: Liffey Quarter Hotel | C34: =CHOOSE(MONTH(A34),"Jan","Feb","Mar","Apr","May","Jun","Jul","Aug","Sep","Oct","Nov","Dec") -> Feb | D34: =IF(AND(MONTH(A34)>=5,MONTH(A34)<=9),"Peak","Off-Peak") -> Off-Peak | E34: =CHOOSE(WEEKDAY(A34,2),"Mon","Tue","Wed","Thu","Fri","Sat","Sun") -> Sun | F34: 89 | G34: 150 | H34: 10762.71 | I34: 133.33 | J34: =IF(G34=0,0,F34/G34) -> 0.59333333 | K34: =IF(F34=0,0,H34/F34) -> 120.92933 | L34: =IF(G34=0,0,H34/G34) -> 71.7514 | M34: =K34-I34 -> -12.400674
A35: 45691 | B35: Liffey Quarter Hotel | C35: =CHOOSE(MONTH(A35),"Jan","Feb","Mar","Apr","May","Jun","Jul","Aug","Sep","Oct","Nov","Dec") -> Feb | D35: =IF(AND(MONTH(A35)>=5,MONTH(A35)<=9),"Peak","Off-Peak") -> Off-Peak | E35: =CHOOSE(WEEKDAY(A35,2),"Mon","Tue","Wed","Thu","Fri","Sat","Sun") -> Mon | F35: 103 | G35: 150 | H35: 13137.26 | I35: 134.91 | J35: =IF(G35=0,0,F35/G35) -> 0.68666667 | K35: =IF(F35=0,0,H35/F35) -> 127.54621 | L35: =IF(G35=0,0,H35/G35) -> 87.581733 | M35: =K35-I35 -> -7.3637864
A36: 45692 | B36: Liffey Quarter Hotel | C36: =CHOOSE(MONTH(A36),"Jan","Feb","Mar","Apr","May","Jun","Jul","Aug","Sep","Oct","Nov","Dec") -> Feb | D36: =IF(AND(MONTH(A36)>=5,MONTH(A36)<=9),"Peak","Off-Peak") -> Off-Peak | E36: =CHOOSE(WEEKDAY(A36,2),"Mon","Tue","Wed","Thu","Fri","Sat","Sun") -> Tue | F36: 101 | G36: 150 | H36: 13045.17 | I36: 133.41 | J36: =IF(G36=0,0,F36/G36) -> 0.67333333 | K36: =IF(F36=0,0,H36/F36) -> 129.1601 | L36: =IF(G36=0,0,H36/G36) -> 86.9678 | M36: =K36-I36 -> -4.249901
A37: 45693 | B37: Liffey Quarter Hotel | C37: =CHOOSE(MONTH(A37),"Jan","Feb","Mar","Apr","May","Jun","Jul","Aug","Sep","Oct","Nov","Dec") -> Feb | D37: =IF(AND(MONTH(A37)>=5,MONTH(A37)<=9),"Peak","Off-Peak") -> Off-Peak | E37: =CHOOSE(WEEKDAY(A37,2),"Mon","Tue","Wed","Thu","Fri","Sat","Sun") -> Wed | F37: 105 | G37: 150 | H37: 13341.52 | I37: 138.89 | J37: =IF(G37=0,0,F37/G37) -> 0.7 | K37: =IF(F37=0,0,H37/F37) -> 127.0621 | L37: =IF(G37=0,0,H37/G37) -> 88.943467 | M37: =K37-I37 -> -11.827905
A38: 45694 | B38: Liffey Quarter Hotel | C38: =CHOOSE(MONTH(A38),"Jan","Feb","Mar","Apr","May","Jun","Jul","Aug","Sep","Oct","Nov","Dec") -> Feb | D38: =IF(AND(MONTH(A38)>=5,MONTH(A38)<=9),"Peak","Off-Peak") -> Off-Peak | E38: =CHOOSE(WEEKDAY(A38,2),"Mon","Tue","Wed","Thu","Fri","Sat","Sun") -> Thu | F38: 110 | G38: 150 | H38: 14316.87 | I38: 137.99 | J38: =IF(G38=0,0,F38/G38) -> 0.73333333 | K38: =IF(F38=0,0,H38/F38) -> 130.15336 | L38: =IF(G38=0,0,H38/G38) -> 95.4458 | M38: =K38-I38 -> -7.8366364
A39: 45695 | B39: Liffey Quarter Hotel | C39: =CHOOSE(MONTH(A39),"Jan","Feb","Mar","Apr","May","Jun","Jul","Aug","Sep","Oct","Nov","Dec") -> Feb | D39: =IF(AND(MONTH(A39)>=5,MONTH(A39)<=9),"Peak","Off-Peak") -> Off-Peak | E39: =CHOOSE(WEEKDAY(A39,2),"Mon","Tue","Wed","Thu","Fri","Sat","Sun") -> Fri | F39: 110 | G39: 150 | H39: 16013.15 | I39: 143.38 | J39: =IF(G39=0,0,F39/G39) -> 0.73333333 | K39: =IF(F39=0,0,H39/F39) -> 145.57409 | L39: =IF(G39=0,0,H39/G39) -> 106.75433 | M39: =K39-I39 -> 2.1940909
A40: 45696 | B40: Liffey Quarter Hotel | C40: =CHOOSE(MONTH(A40),"Jan","Feb","Mar","Apr","May","Jun","Jul","Aug","Sep","Oct","Nov","Dec") -> Feb | D40: =IF(AND(MONTH(A40)>=5,MONTH(A40)<=9),"Peak","Off-Peak") -> Off-Peak | E40: =CHOOSE(WEEKDAY(A40,2),"Mon","Tue","Wed","Thu","Fri","Sat","Sun") -> Sat | F40: 111 | G40: 150 | H40: 15549.01 | I40: 145.17 | J40: =IF(G40=0,0,F40/G40) -> 0.74 | K40: =IF(F40=0,0,H40/F40) -> 140.08117 | L40: =IF(G40=0,0,H40/G40) -> 103.66007 | M40: =K40-I40 -> -5.0888288
A41: 45697 | B41: Liffey Quarter Hotel | C41: =CHOOSE(MONTH(A41),"Jan","Feb","Mar","Apr","May","Jun","Jul","Aug","Sep","Oct","Nov","Dec") -> Feb | D41: =IF(AND(MONTH(A41)>=5,MONTH(A41)<=9),"Peak","Off-Peak") -> Off-Peak | E41: =CHOOSE(WEEKDAY(A41,2),"Mon","Tue","Wed","Thu","Fri","Sat","Sun") -> Sun | F41: 96 | G41: 150 | H41: 12030.09 | I41: 131.29 | J41: =IF(G41=0,0,F41/G41) -> 0.64 | K41: =IF(F41=0,0,H41/F41) -> 125.31344 | L41: =IF(G41=0,0,H41/G41) -> 80.2006 | M41: =K41-I41 -> -5.9765625
A42: 45698 | B42: Liffey Quarter Hotel | C42: =CHOOSE(MONTH(A42),"Jan","Feb","Mar","Apr","May","Jun","Jul","Aug","Sep","Oct","Nov","Dec") -> Feb | D42: =IF(AND(MONTH(A42)>=5,MONTH(A42)<=9),"Peak","Off-Peak") -> Off-Peak | E42: =CHOOSE(WEEKDAY(A42,2),"Mon","Tue","Wed","Thu","Fri","Sat","Sun") -> Mon | F42: 99 | G42: 150 | H42: 12410.48 | I42: 128.91 | J42: =IF(G42=0,0,F42/G42) -> 0.66 | K42: =IF(F42=0,0,H42/F42) -> 125.35838 | L42: =IF(G42=0,0,H42/G42) -> 82.736533 | M42: =K42-I42 -> -3.5516162
A43: 45699 | B43: Liffey Quarter Hotel | C43: =CHOOSE(MONTH(A43),"Jan","Feb","Mar","Apr","May","Jun","Jul","Aug","Sep","Oct","Nov","Dec") -> Feb | D43: =IF(AND(MONTH(A43)>=5,MONTH(A43)<=9),"Peak","Off-Peak") -> Off-Peak | E43: =CHOOSE(WEEKDAY(A43,2),"Mon","Tue","Wed","Thu","Fri","Sat","Sun") -> Tue | F43: 100 | G43: 150 | H43: 12771.37 | I43: 133.47 | J43: =IF(G43=0,0,F43/G43) -> 0.66666667 | K43: =IF(F43=0,0,H43/F43) -> 127.7137 | L43: =IF(G43=0,0,H43/G43) -> 85.142467 | M43: =K43-I43 -> -5.7563
A44: 45700 | B44: Liffey Quarter Hotel | C44: =CHOOSE(MONTH(A44),"Jan","Feb","Mar","Apr","May","Jun","Jul","Aug","Sep","Oct","Nov","Dec") -> Feb | D44: =IF(AND(MONTH(A44)>=5,MONTH(A44)<=9),"Peak","Off-Peak") -> Off-Peak | E44: =CHOOSE(WEEKDAY(A44,2),"Mon","Tue","Wed","Thu","Fri","Sat","Sun") -> Wed | F44: 102 | G44: 150 | H44: 14217.62 | I44: 142.22 | J44: =IF(G44=0,0,F44/G44) -> 0.68 | K44: =IF(F44=0,0,H44/F44) -> 139.38843 | L44: =IF(G44=0,0,H44/G44) -> 94.784133 | M44: =K44-I44 -> -2.8315686
A45: 45701 | B45: Liffey Quarter Hotel | C45: =CHOOSE(MONTH(A45),"Jan","Feb","Mar","Apr","May","Jun","Jul","Aug","Sep","Oct","Nov","Dec") -> Feb | D45: =IF(AND(MONTH(A45)>=5,MONTH(A45)<=9),"Peak","Off-Peak") -> Off-Peak | E45: =CHOOSE(WEEKDAY(A45,2),"Mon","Tue","Wed","Thu","Fri","Sat","Sun") -> Thu | F45: 106 | G45: 150 | H45: 14620.51 | I45: 138.59 | J45: =IF(G45=0,0,F45/G45) -> 0.70666667 | K45: =IF(F45=0,0,H45/F45) -> 137.92934 | L45: =IF(G45=0,0,H45/G45) -> 97.470067 | M45: =K45-I45 -> -0.66066038
... A73: 45729 | B73: Liffey Quarter Hotel | C73: =CHOOSE(MONTH(A73),"Jan","Feb","Mar","Apr","May","Jun","Jul","Aug","Sep","Oct","Nov","Dec") -> Mar | D73: =IF(AND(MONTH(A73)>=5,MONTH(A73)<=9),"Peak","Off-Peak") -> Off-Peak | E73: =CHOOSE(WEEKDAY(A73,2),"Mon","Tue","Wed","Thu","Fri","Sat","Sun") -> Thu | F73: 120 | G73: 150 | H73: 18115.73 | I73: 152.47 | J73: =IF(G73=0,0,F73/G73) -> 0.8 | K73: =IF(F73=0,0,H73/F73) -> 150.96442 | L73: =IF(G73=0,0,H73/G73) -> 120.77153 | M73: =K73-I73 -> -1.5055833
A74: 45730 | B74: Liffey Quarter Hotel | C74: =CHOOSE(MONTH(A74),"Jan","Feb","Mar","Apr","May","Jun","Jul","Aug","Sep","Oct","Nov","Dec") -> Mar | D74: =IF(AND(MONTH(A74)>=5,MONTH(A74)<=9),"Peak","Off-Peak") -> Off-Peak | E74: =CHOOSE(WEEKDAY(A74,2),"Mon","Tue","Wed","Thu","Fri","Sat","Sun") -> Fri | F74: 139 | G74: 150 | H74: 27020.26 | I74: 189.72 | J74: =IF(G74=0,0,F74/G74) -> 0.92666667 | K74: =IF(F74=0,0,H74/F74) -> 194.39036 | L74: =IF(G74=0,0,H74/G74) -> 180.13507 | M74: =K74-I74 -> 4.6703597 | N74: St Patrick's Festival
A75: 45731 | B75: Liffey Quarter Hotel | C75: =CHOOSE(MONTH(A75),"Jan","Feb","Mar","Apr","May","Jun","Jul","Aug","Sep","Oct","Nov","Dec") -> Mar | D75: =IF(AND(MONTH(A75)>=5,MONTH(A75)<=9),"Peak","Off-Peak") -> Off-Peak | E75: =CHOOSE(WEEKDAY(A75,2),"Mon","Tue","Wed","Thu","Fri","Sat","Sun") -> Sat | F75: 143 | G75: 150 | H75: 26338.95 | I75: 189.97 | J75: =IF(G75=0,0,F75/G75) -> 0.95333333 | K75: =IF(F75=0,0,H75/F75) -> 184.18846 | L75: =IF(G75=0,0,H75/G75) -> 175.593 | M75: =K75-I75 -> -5.7815385 | N75: St Patrick's Festival
A76: 45732 | B76: Liffey Quarter Hotel | C76: =CHOOSE(MONTH(A76),"Jan","Feb","Mar","Apr","May","Jun","Jul","Aug","Sep","Oct","Nov","Dec") -> Mar | D76: =IF(AND(MONTH(A76)>=5,MONTH(A76)<=9),"Peak","Off-Peak") -> Off-Peak | E76: =CHOOSE(WEEKDAY(A76,2),"Mon","Tue","Wed","Thu","Fri","Sat","Sun") -> Sun | F76: 125 | G76: 150 | H76: 23171.58 | I76: 173.74 | J76: =IF(G76=0,0,F76/G76) -> 0.83333333 | K76: =IF(F76=0,0,H76/F76) -> 185.37264 | L76: =IF(G76=0,0,H76/G76) -> 154.4772 | M76: =K76-I76 -> 11.63264 | N76: St Patrick's Festival
A77: 45733 | B77: Liffey Quarter Hotel | C77: =CHOOSE(MONTH(A77),"Jan","Feb","Mar","Apr","May","Jun","Jul","Aug","Sep","Oct","Nov","Dec") -> Mar | D77: =IF(AND(MONTH(A77)>=5,MONTH(A77)<=9),"Peak","Off-Peak") -> Off-Peak | E77: =CHOOSE(WEEKDAY(A77,2),"Mon","Tue","Wed","Thu","Fri","Sat","Sun") -> Mon | F77: 126 | G77: 150 | H77: 22981.7 | I77: 171.51 | J77: =IF(G77=0,0,F77/G77) -> 0.84 | K77: =IF(F77=0,0,H77/F77) -> 182.39444 | L77: =IF(G77=0,0,H77/G77) -> 153.21133 | M77: =K77-I77 -> 10.884444 | N77: St Patrick's Festival
A78: 45734 | B78: Liffey Quarter Hotel | C78: =CHOOSE(MONTH(A78),"Jan","Feb","Mar","Apr","May","Jun","Jul","Aug","Sep","Oct","Nov","Dec") -> Mar | D78: =IF(AND(MONTH(A78)>=5,MONTH(A78)<=9),"Peak","Off-Peak") -> Off-Peak | E78: =CHOOSE(WEEKDAY(A78,2),"Mon","Tue","Wed","Thu","Fri","Sat","Sun") -> Tue | F78: 107 | G78: 150 | H78: 14572.01 | I78: 146.98 | J78: =IF(G78=0,0,F78/G78) -> 0.71333333 | K78: =IF(F78=0,0,H78/F78) -> 136.18701 | L78: =IF(G78=0,0,H78/G78) -> 97.146733 | M78: =K78-I78 -> -10.792991
A79: 45735 | B79: Liffey Quarter Hotel | C79: =CHOOSE(MONTH(A79),"Jan","Feb","Mar","Apr","May","Jun","Jul","Aug","Sep","Oct","Nov","Dec") -> Mar | D79: =IF(AND(MONTH(A79)>=5,MONTH(A79)<=9),"Peak","Off-Peak") -> Off-Peak | E79: =CHOOSE(WEEKDAY(A79,2),"Mon","Tue","Wed","Thu","Fri","Sat","Sun") -> Wed | F79: 118 | G79: 150 | H79: 17008.69 | I79: 148.96 | J79: =IF(G79=0,0,F79/G79) -> 0.78666667 | K79: =IF(F79=0,0,H79/F79) -> 144.14144 | L79: =IF(G79=0,0,H79/G79) -> 113.39127 | M79: =K79-I79 -> -4.8185593
A80: 45736 | B80: Liffey Quarter Hotel | C80: =CHOOSE(MONTH(A80),"Jan","Feb","Mar","Apr","May","Jun","Jul","Aug","Sep","Oct","Nov","Dec") -> Mar | D80: =IF(AND(MONTH(A80)>=5,MONTH(A80)<=9),"Peak","Off-Peak") -> Off-Peak | E80: =CHOOSE(WEEKDAY(A80,2),"Mon","Tue","Wed","Thu","Fri","Sat","Sun") -> Thu | F80: 114 | G80: 150 | H80: 16381.49 | I80: 152.26 | J80: =IF(G80=0,0,F80/G80) -> 0.76 | K80: =IF(F80=0,0,H80/F80) -> 143.69728 | L80: =IF(G80=0,0,H80/G80) -> 109.20993 | M80: =K80-I80 -> -8.5627193
A81: 45737 | B81: Liffey Quarter Hotel | C81: =CHOOSE(MONTH(A81),"Jan","Feb","Mar","Apr","May","Jun","Jul","Aug","Sep","Oct","Nov","Dec") -> Mar | D81: =IF(AND(MONTH(A81)>=5,MONTH(A81)<=9),"Peak","Off-Peak") -> Off-Peak | E81: =CHOOSE(WEEKDAY(A81,2),"Mon","Tue","Wed","Thu","Fri","Sat","Sun") -> Fri | F81: 124 | G81: 150 | H81: 19629.7 | I81: 155.57 | J81: =IF(G81=0,0,F81/G81) -> 0.82666667 | K81: =IF(F81=0,0,H81/F81) -> 158.30403 | L81: =IF(G81=0,0,H81/G81) -> 130.86467 | M81: =K81-I81 -> 2.7340323
A82: 45738 | B82: Liffey Quarter Hotel | C82: =CHOOSE(MONTH(A82),"Jan","Feb","Mar","Apr","May","Jun","Jul","Aug","Sep","Oct","Nov","Dec") -> Mar | D82: =IF(AND(MONTH(A82)>=5,MONTH(A82)<=9),"Peak","Off-Peak") -> Off-Peak | E82: =CHOOSE(WEEKDAY(A82,2),"Mon","Tue","Wed","Thu","Fri","Sat","Sun") -> Sat | F82: 133 | G82: 150 | H82: 24151.08 | I82: 177.48 | J82: =IF(G82=0,0,F82/G82) -> 0.88666667 | K82: =IF(F82=0,0,H82/F82) -> 181.58707 | L82: =IF(G82=0,0,H82/G82) -> 161.0072 | M82: =K82-I82 -> 4.1070677 | N82: Rugby international weekend
A83: 45739 | B83: Liffey Quarter Hotel | C83: =CHOOSE(MONTH(A83),"Jan","Feb","Mar","Apr","May","Jun","Jul","Aug","Sep","Oct","Nov","Dec") -> Mar | D83: =IF(AND(MONTH(A83)>=5,MONTH(A83)<=9),"Peak","Off-Peak") -> Off-Peak | E83: =CHOOSE(WEEKDAY(A83,2),"Mon","Tue","Wed","Thu","Fri","Sat","Sun") -> Sun | F83: 103 | G83: 150 | H83: 14580.26 | I83: 142.37 | J83: =IF(G83=0,0,F83/G83) -> 0.68666667 | K83: =IF(F83=0,0,H83/F83) -> 141.55592 | L83: =IF(G83=0,0,H83/G83) -> 97.201733 | M83: =K83-I83 -> -0.81407767
A84: 45740 | B84: Liffey Quarter Hotel | C84: =CHOOSE(MONTH(A84),"Jan","Feb","Mar","Apr","May","Jun","Jul","Aug","Sep","Oct","Nov","Dec") -> Mar | D84: =IF(AND(MONTH(A84)>=5,MONTH(A84)<=9),"Peak","Off-Peak") -> Off-Peak | E84: =CHOOSE(WEEKDAY(A84,2),"Mon","Tue","Wed","Thu","Fri","Sat","Sun") -> Mon | F84: 107 | G84: 150 | H84: 15189.74 | I84: 143.37 | J84: =IF(G84=0,0,F84/G84) -> 0.71333333 | K84: =IF(F84=0,0,H84/F84) -> 141.96019 | L84: =IF(G84=0,0,H84/G84) -> 101.26493 | M84: =K84-I84 -> -1.4098131
A85: 45741 | B85: Liffey Quarter Hotel | C85: =CHOOSE(MONTH(A85),"Jan","Feb","Mar","Apr","May","Jun","Jul","Aug","Sep","Oct","Nov","Dec") -> Mar | D85: =IF(AND(MONTH(A85)>=5,MONTH(A85)<=9),"Peak","Off-Peak") -> Off-Peak | E85: =CHOOSE(WEEKDAY(A85,2),"Mon","Tue","Wed","Thu","Fri","Sat","Sun") -> Tue | F85: 109 | G85: 150 | H85: 16689.71 | I85: 145.95 | J85: =IF(G85=0,0,F85/G85) -> 0.72666667 | K85: =IF(F85=0,0,H85/F85) -> 153.11661 | L85: =IF(G85=0,0,H85/G85) -> 111.26473 | M85: =K85-I85 -> 7.1666055
A86: 45742 | B86: Liffey Quarter Hotel | C86: =CHOOSE(MONTH(A86),"Jan","Feb","Mar","Apr","May","Jun","Jul","Aug","Sep","Oct","Nov","Dec") -> Mar | D86: =IF(AND(MONTH(A86)>=5,MONTH(A86)<=9),"Peak","Off-Peak") -> Off-Peak | E86: =CHOOSE(WEEKDAY(A86,2),"Mon","Tue","Wed","Thu","Fri","Sat","Sun") -> Wed | F86: 113 | G86: 150 | H86: 16295.63 | I86: 151.34 | J86: =IF(G86=0,0,F86/G86) -> 0.75333333 | K86: =IF(F86=0,0,H86/F86) -> 144.20912 | L86: =IF(G86=0,0,H86/G86) -> 108.63753 | M86: =K86-I86 -> -7.130885
A87: 45743 | B87: Liffey Quarter Hotel | C87: =CHOOSE(MONTH(A87),"Jan","Feb","Mar","Apr","May","Jun","Jul","Aug","Sep","Oct","Nov","Dec") -> Mar | D87: =IF(AND(MONTH(A87)>=5,MONTH(A87)<=9),"Peak","Off-Peak") -> Off-Peak | E87: =CHOOSE(WEEKDAY(A87,2),"Mon","Tue","Wed","Thu","Fri","Sat","Sun") -> Thu | F87: 122 | G87: 150 | H87: 17264.76 | I87: 147.91 | J87: =IF(G87=0,0,F87/G87) -> 0.81333333 | K87: =IF(F87=0,0,H87/F87) -> 141.51443 | L87: =IF(G87=0,0,H87/G87) -> 115.0984 | M87: =K87-I87 -> -6.3955738
A88: 45744 | B88: Liffey Quarter Hotel | C88: =CHOOSE(MONTH(A88),"Jan","Feb","Mar","Apr","May","Jun","Jul","Aug","Sep","Oct","Nov","Dec") -> Mar | D88: =IF(AND(MONTH(A88)>=5,MONTH(A88)<=9),"Peak","Off-Peak") -> Off-Peak | E88: =CHOOSE(WEEKDAY(A88,2),"Mon","Tue","Wed","Thu","Fri","Sat","Sun") -> Fri | F88: 121 | G88: 150 | H88: 19053.51 | I88: 157.56 | J88: =IF(G88=0,0,F88/G88) -> 0.80666667 | K88: =IF(F88=0,0,H88/F88) -> 157.46702 | L88: =IF(G88=0,0,H88/G88) -> 127.0234 | M88: =K88-I88 -> -0.092975207
A89: 45745 | B89: Liffey Quarter Hotel | C89: =CHOOSE(MONTH(A89),"Jan","Feb","Mar","Apr","May","Jun","Jul","Aug","Sep","Oct","Nov","Dec") -> Mar | D89: =IF(AND(MONTH(A89)>=5,MONTH(A89)<=9),"Peak","Off-Peak") -> Off-Peak | E89: =CHOOSE(WEEKDAY(A89,2),"Mon","Tue","Wed","Thu","Fri","Sat","Sun") -> Sat | F89: 111 | G89: 150 | H89: 17851.05 | I89: 160.8 | J89: =IF(G89=0,0,F89/G89) -> 0.74 | K89: =IF(F89=0,0,H89/F89) -> 160.82027 | L89: =IF(G89=0,0,H89/G89) -> 119.007 | M89: =K89-I89 -> 0.02027027
A90: 45746 | B90: Liffey Quarter Hotel | C90: =CHOOSE(MONTH(A90),"Jan","Feb","Mar","Apr","May","Jun","Jul","Aug","Sep","Oct","Nov","Dec") -> Mar | D90: =IF(AND(MONTH(A90)>=5,MONTH(A90)<=9),"Peak","Off-Peak") -> Off-Peak | E90: =CHOOSE(WEEKDAY(A90,2),"Mon","Tue","Wed","Thu","Fri","Sat","Sun") -> Sun | F90: 102 | G90: 150 | H90: 13769.38 | I90: 140.85 | J90: =IF(G90=0,0,F90/G90) -> 0.68 | K90: =IF(F90=0,0,H90/F90) -> 134.99392 | L90: =IF(G90=0,0,H90/G90) -> 91.795867 | M90: =K90-I90 -> -5.8560784
A91: 45747 | B91: Liffey Quarter Hotel | C91: =CHOOSE(MONTH(A91),"Jan","Feb","Mar","Apr","May","Jun","Jul","Aug","Sep","Oct","Nov","Dec") -> Mar | D91: =IF(AND(MONTH(A91)>=5,MONTH(A91)<=9),"Peak","Off-Peak") -> Off-Peak | E91: =CHOOSE(WEEKDAY(A91,2),"Mon","Tue","Wed","Thu","Fri","Sat","Sun") -> Mon | F91: 107 | G91: 150 | H91: 14790.86 | I91: 140.8 | J91: =IF(G91=0,0,F91/G91) -> 0.71333333 | K91: =IF(F91=0,0,H91/F91) -> 138.23234 | L91: =IF(G91=0,0,H91/G91) -> 98.605733 | M91: =K91-I91 -> -2.5676636
A92: 45748 | B92: Liffey Quarter Hotel | C92: =CHOOSE(MONTH(A92),"Jan","Feb","Mar","Apr","May","Jun","Jul","Aug","Sep","Oct","Nov","Dec") -> Apr | D92: =IF(AND(MONTH(A92)>=5,MONTH(A92)<=9),"Peak","Off-Peak") -> Off-Peak | E92: =CHOOSE(WEEKDAY(A92,2),"Mon","Tue","Wed","Thu","Fri","Sat","Sun") -> Tue | F92: 119 | G92: 150 | H92: 19227.25 | I92: 157.31 | J92: =IF(G92=0,0,F92/G92) -> 0.79333333 | K92: =IF(F92=0,0,H92/F92) -> 161.57353 | L92: =IF(G92=0,0,H92/G92) -> 128.18167 | M92: =K92-I92 -> 4.2635294
A93: 45749 | B93: Liffey Quarter Hotel | C93: =CHOOSE(MONTH(A93),"Jan","Feb","Mar","Apr","May","Jun","Jul","Aug","Sep","Oct","Nov","Dec") -> Apr | D93: =IF(AND(MONTH(A93)>=5,MONTH(A93)<=9),"Peak","Off-Peak") -> Off-Peak | E93: =CHOOSE(WEEKDAY(A93,2),"Mon","Tue","Wed","Thu","Fri","Sat","Sun") -> Wed | F93: 122 | G93: 150 | H93: 18623.67 | I93: 158.77 | J93: =IF(G93=0,0,F93/G93) -> 0.81333333 | K93: =IF(F93=0,0,H93/F93) -> 152.65303 | L93: =IF(G93=0,0,H93/G93) -> 124.1578 | M93: =K93-I93 -> -6.1169672
A94: 45750 | B94: Liffey Quarter Hotel | C94: =CHOOSE(MONTH(A94),"Jan","Feb","Mar","Apr","May","Jun","Jul","Aug","Sep","Oct","Nov","Dec") -> Apr | D94: =IF(AND(MONTH(A94)>=5,MONTH(A94)<=9),"Peak","Off-Peak") -> Off-Peak | E94: =CHOOSE(WEEKDAY(A94,2),"Mon","Tue","Wed","Thu","Fri","Sat","Sun") -> Thu | F94: 128 | G94: 150 | H94: 20344.11 | I94: 156.23 | J94: =IF(G94=0,0,F94/G94) -> 0.85333333 | K94: =IF(F94=0,0,H94/F94) -> 158.93836 | L94: =IF(G94=0,0,H94/G94) -> 135.6274 | M94: =K94-I94 -> 2.7083594
... A171: 45827 | B171: Liffey Quarter Hotel | C171: =CHOOSE(MONTH(A171),"Jan","Feb","Mar","Apr","May","Jun","Jul","Aug","Sep","Oct","Nov","Dec") -> Jun | D171: =IF(AND(MONTH(A171)>=5,MONTH(A171)<=9),"Peak","Off-Peak") -> Peak | E171: =CHOOSE(WEEKDAY(A171,2),"Mon","Tue","Wed","Thu","Fri","Sat","Sun") -> Thu | F171: 132 | G171: 150 | H171: 26351.53 | I171: 187.96 | J171: =IF(G171=0,0,F171/G171) -> 0.88 | K171: =IF(F171=0,0,H171/F171) -> 199.6328 | L171: =IF(G171=0,0,H171/G171) -> 175.67687 | M171: =K171-I171 -> 11.672803
A172: 45828 | B172: Liffey Quarter Hotel | C172: =CHOOSE(MONTH(A172),"Jan","Feb","Mar","Apr","May","Jun","Jul","Aug","Sep","Oct","Nov","Dec") -> Jun | D172: =IF(AND(MONTH(A172)>=5,MONTH(A172)<=9),"Peak","Off-Peak") -> Peak | E172: =CHOOSE(WEEKDAY(A172,2),"Mon","Tue","Wed","Thu","Fri","Sat","Sun") -> Fri | F172: 148 | G172: 150 | H172: 42118.91 | I172: 241.97 | J172: =IF(G172=0,0,F172/G172) -> 0.98666667 | K172: =IF(F172=0,0,H172/F172) -> 284.58723 | L172: =IF(G172=0,0,H172/G172) -> 280.79273 | M172: =K172-I172 -> 42.61723 | N172: Stadium concert (illustrative)
A173: 45829 | B173: Liffey Quarter Hotel | C173: =CHOOSE(MONTH(A173),"Jan","Feb","Mar","Apr","May","Jun","Jul","Aug","Sep","Oct","Nov","Dec") -> Jun | D173: =IF(AND(MONTH(A173)>=5,MONTH(A173)<=9),"Peak","Off-Peak") -> Peak | E173: =CHOOSE(WEEKDAY(A173,2),"Mon","Tue","Wed","Thu","Fri","Sat","Sun") -> Sat | F173: 148 | G173: 150 | H173: 40779.06 | I173: 245.04 | J173: =IF(G173=0,0,F173/G173) -> 0.98666667 | K173: =IF(F173=0,0,H173/F173) -> 275.53419 | L173: =IF(G173=0,0,H173/G173) -> 271.8604 | M173: =K173-I173 -> 30.494189 | N173: Stadium concert (illustrative)
A174: 45830 | B174: Liffey Quarter Hotel | C174: =CHOOSE(MONTH(A174),"Jan","Feb","Mar","Apr","May","Jun","Jul","Aug","Sep","Oct","Nov","Dec") -> Jun | D174: =IF(AND(MONTH(A174)>=5,MONTH(A174)<=9),"Peak","Off-Peak") -> Peak | E174: =CHOOSE(WEEKDAY(A174,2),"Mon","Tue","Wed","Thu","Fri","Sat","Sun") -> Sun | F174: 121 | G174: 150 | H174: 21910.58 | I174: 175.45 | J174: =IF(G174=0,0,F174/G174) -> 0.80666667 | K174: =IF(F174=0,0,H174/F174) -> 181.07917 | L174: =IF(G174=0,0,H174/G174) -> 146.07053 | M174: =K174-I174 -> 5.6291736
A175: 45831 | B175: Liffey Quarter Hotel | C175: =CHOOSE(MONTH(A175),"Jan","Feb","Mar","Apr","May","Jun","Jul","Aug","Sep","Oct","Nov","Dec") -> Jun | D175: =IF(AND(MONTH(A175)>=5,MONTH(A175)<=9),"Peak","Off-Peak") -> Peak | E175: =CHOOSE(WEEKDAY(A175,2),"Mon","Tue","Wed","Thu","Fri","Sat","Sun") -> Mon | F175: 124 | G175: 150 | H175: 22738.11 | I175: 183.73 | J175: =IF(G175=0,0,F175/G175) -> 0.82666667 | K175: =IF(F175=0,0,H175/F175) -> 183.37185 | L175: =IF(G175=0,0,H175/G175) -> 151.5874 | M175: =K175-I175 -> -0.35814516
A176: 45832 | B176: Liffey Quarter Hotel | C176: =CHOOSE(MONTH(A176),"Jan","Feb","Mar","Apr","May","Jun","Jul","Aug","Sep","Oct","Nov","Dec") -> Jun | D176: =IF(AND(MONTH(A176)>=5,MONTH(A176)<=9),"Peak","Off-Peak") -> Peak | E176: =CHOOSE(WEEKDAY(A176,2),"Mon","Tue","Wed","Thu","Fri","Sat","Sun") -> Tue | F176: 131 | G176: 150 | H176: 25089.39 | I176: 184.48 | J176: =IF(G176=0,0,F176/G176) -> 0.87333333 | K176: =IF(F176=0,0,H176/F176) -> 191.52206 | L176: =IF(G176=0,0,H176/G176) -> 167.2626 | M176: =K176-I176 -> 7.0420611
A177: 45833 | B177: Liffey Quarter Hotel | C177: =CHOOSE(MONTH(A177),"Jan","Feb","Mar","Apr","May","Jun","Jul","Aug","Sep","Oct","Nov","Dec") -> Jun | D177: =IF(AND(MONTH(A177)>=5,MONTH(A177)<=9),"Peak","Off-Peak") -> Peak | E177: =CHOOSE(WEEKDAY(A177,2),"Mon","Tue","Wed","Thu","Fri","Sat","Sun") -> Wed | F177: 134 | G177: 150 | H177: 24737.29 | I177: 185.68 | J177: =IF(G177=0,0,F177/G177) -> 0.89333333 | K177: =IF(F177=0,0,H177/F177) -> 184.60664 | L177: =IF(G177=0,0,H177/G177) -> 164.91527 | M177: =K177-I177 -> -1.0733582
A178: 45834 | B178: Liffey Quarter Hotel | C178: =CHOOSE(MONTH(A178),"Jan","Feb","Mar","Apr","May","Jun","Jul","Aug","Sep","Oct","Nov","Dec") -> Jun | D178: =IF(AND(MONTH(A178)>=5,MONTH(A178)<=9),"Peak","Off-Peak") -> Peak | E178: =CHOOSE(WEEKDAY(A178,2),"Mon","Tue","Wed","Thu","Fri","Sat","Sun") -> Thu | F178: 140 | G178: 150 | H178: 27225.84 | I178: 189.06 | J178: =IF(G178=0,0,F178/G178) -> 0.93333333 | K178: =IF(F178=0,0,H178/F178) -> 194.47029 | L178: =IF(G178=0,0,H178/G178) -> 181.5056 | M178: =K178-I178 -> 5.4102857
A179: 45835 | B179: Liffey Quarter Hotel | C179: =CHOOSE(MONTH(A179),"Jan","Feb","Mar","Apr","May","Jun","Jul","Aug","Sep","Oct","Nov","Dec") -> Jun | D179: =IF(AND(MONTH(A179)>=5,MONTH(A179)<=9),"Peak","Off-Peak") -> Peak | E179: =CHOOSE(WEEKDAY(A179,2),"Mon","Tue","Wed","Thu","Fri","Sat","Sun") -> Fri | F179: 137 | G179: 150 | H179: 27456.37 | I179: 196.32 | J179: =IF(G179=0,0,F179/G179) -> 0.91333333 | K179: =IF(F179=0,0,H179/F179) -> 200.41146 | L179: =IF(G179=0,0,H179/G179) -> 183.04247 | M179: =K179-I179 -> 4.0914599
A180: 45836 | B180: Liffey Quarter Hotel | C180: =CHOOSE(MONTH(A180),"Jan","Feb","Mar","Apr","May","Jun","Jul","Aug","Sep","Oct","Nov","Dec") -> Jun | D180: =IF(AND(MONTH(A180)>=5,MONTH(A180)<=9),"Peak","Off-Peak") -> Peak | E180: =CHOOSE(WEEKDAY(A180,2),"Mon","Tue","Wed","Thu","Fri","Sat","Sun") -> Sat | F180: 143 | G180: 150 | H180: 29352.37 | I180: 200.26 | J180: =IF(G180=0,0,F180/G180) -> 0.95333333 | K180: =IF(F180=0,0,H180/F180) -> 205.26133 | L180: =IF(G180=0,0,H180/G180) -> 195.68247 | M180: =K180-I180 -> 5.0013287
A181: 45837 | B181: Liffey Quarter Hotel | C181: =CHOOSE(MONTH(A181),"Jan","Feb","Mar","Apr","May","Jun","Jul","Aug","Sep","Oct","Nov","Dec") -> Jun | D181: =IF(AND(MONTH(A181)>=5,MONTH(A181)<=9),"Peak","Off-Peak") -> Peak | E181: =CHOOSE(WEEKDAY(A181,2),"Mon","Tue","Wed","Thu","Fri","Sat","Sun") -> Sun | F181: 116 | G181: 150 | H181: 20269.94 | I181: 178.75 | J181: =IF(G181=0,0,F181/G181) -> 0.77333333 | K181: =IF(F181=0,0,H181/F181) -> 174.74086 | L181: =IF(G181=0,0,H181/G181) -> 135.13293 | M181: =K181-I181 -> -4.0091379
A182: 45838 | B182: Liffey Quarter Hotel | C182: =CHOOSE(MONTH(A182),"Jan","Feb","Mar","Apr","May","Jun","Jul","Aug","Sep","Oct","Nov","Dec") -> Jun | D182: =IF(AND(MONTH(A182)>=5,MONTH(A182)<=9),"Peak","Off-Peak") -> Peak | E182: =CHOOSE(WEEKDAY(A182,2),"Mon","Tue","Wed","Thu","Fri","Sat","Sun") -> Mon | F182: 122 | G182: 150 | H182: 21712.75 | I182: 181.89 | J182: =IF(G182=0,0,F182/G182) -> 0.81333333 | K182: =IF(F182=0,0,H182/F182) -> 177.97336 | L182: =IF(G182=0,0,H182/G182) -> 144.75167 | M182: =K182-I182 -> -3.9166393
A183: 45839 | B183: Liffey Quarter Hotel | C183: =CHOOSE(MONTH(A183),"Jan","Feb","Mar","Apr","May","Jun","Jul","Aug","Sep","Oct","Nov","Dec") -> Jul | D183: =IF(AND(MONTH(A183)>=5,MONTH(A183)<=9),"Peak","Off-Peak") -> Peak | E183: =CHOOSE(WEEKDAY(A183,2),"Mon","Tue","Wed","Thu","Fri","Sat","Sun") -> Tue | F183: 139 | G183: 150 | H183: 27506.2 | I183: 194.74 | J183: =IF(G183=0,0,F183/G183) -> 0.92666667 | K183: =IF(F183=0,0,H183/F183) -> 197.88633 | L183: =IF(G183=0,0,H183/G183) -> 183.37467 | M183: =K183-I183 -> 3.1463309
A184: 45840 | B184: Liffey Quarter Hotel | C184: =CHOOSE(MONTH(A184),"Jan","Feb","Mar","Apr","May","Jun","Jul","Aug","Sep","Oct","Nov","Dec") -> Jul | D184: =IF(AND(MONTH(A184)>=5,MONTH(A184)<=9),"Peak","Off-Peak") -> Peak | E184: =CHOOSE(WEEKDAY(A184,2),"Mon","Tue","Wed","Thu","Fri","Sat","Sun") -> Wed | F184: 138 | G184: 150 | H184: 29176.82 | I184: 201.32 | J184: =IF(G184=0,0,F184/G184) -> 0.92 | K184: =IF(F184=0,0,H184/F184) -> 211.42623 | L184: =IF(G184=0,0,H184/G184) -> 194.51213 | M184: =K184-I184 -> 10.106232
A185: 45841 | B185: Liffey Quarter Hotel | C185: =CHOOSE(MONTH(A185),"Jan","Feb","Mar","Apr","May","Jun","Jul","Aug","Sep","Oct","Nov","Dec") -> Jul | D185: =IF(AND(MONTH(A185)>=5,MONTH(A185)<=9),"Peak","Off-Peak") -> Peak | E185: =CHOOSE(WEEKDAY(A185,2),"Mon","Tue","Wed","Thu","Fri","Sat","Sun") -> Thu | F185: 142 | G185: 150 | H185: 29725.79 | I185: 199.8 | J185: =IF(G185=0,0,F185/G185) -> 0.94666667 | K185: =IF(F185=0,0,H185/F185) -> 209.33655 | L185: =IF(G185=0,0,H185/G185) -> 198.17193 | M185: =K185-I185 -> 9.5365493
A186: 45842 | B186: Liffey Quarter Hotel | C186: =CHOOSE(MONTH(A186),"Jan","Feb","Mar","Apr","May","Jun","Jul","Aug","Sep","Oct","Nov","Dec") -> Jul | D186: =IF(AND(MONTH(A186)>=5,MONTH(A186)<=9),"Peak","Off-Peak") -> Peak | E186: =CHOOSE(WEEKDAY(A186,2),"Mon","Tue","Wed","Thu","Fri","Sat","Sun") -> Fri | F186: 148 | G186: 150 | H186: 42278.61 | I186: 255.92 | J186: =IF(G186=0,0,F186/G186) -> 0.98666667 | K186: =IF(F186=0,0,H186/F186) -> 285.66628 | L186: =IF(G186=0,0,H186/G186) -> 281.8574 | M186: =K186-I186 -> 29.746284 | N186: Stadium concert (illustrative)
A187: 45843 | B187: Liffey Quarter Hotel | C187: =CHOOSE(MONTH(A187),"Jan","Feb","Mar","Apr","May","Jun","Jul","Aug","Sep","Oct","Nov","Dec") -> Jul | D187: =IF(AND(MONTH(A187)>=5,MONTH(A187)<=9),"Peak","Off-Peak") -> Peak | E187: =CHOOSE(WEEKDAY(A187,2),"Mon","Tue","Wed","Thu","Fri","Sat","Sun") -> Sat | F187: 148 | G187: 150 | H187: 41581.26 | I187: 260.55 | J187: =IF(G187=0,0,F187/G187) -> 0.98666667 | K187: =IF(F187=0,0,H187/F187) -> 280.95446 | L187: =IF(G187=0,0,H187/G187) -> 277.2084 | M187: =K187-I187 -> 20.404459 | N187: Stadium concert (illustrative)
A188: 45844 | B188: Liffey Quarter Hotel | C188: =CHOOSE(MONTH(A188),"Jan","Feb","Mar","Apr","May","Jun","Jul","Aug","Sep","Oct","Nov","Dec") -> Jul | D188: =IF(AND(MONTH(A188)>=5,MONTH(A188)<=9),"Peak","Off-Peak") -> Peak | E188: =CHOOSE(WEEKDAY(A188,2),"Mon","Tue","Wed","Thu","Fri","Sat","Sun") -> Sun | F188: 130 | G188: 150 | H188: 25413.19 | I188: 193.6 | J188: =IF(G188=0,0,F188/G188) -> 0.86666667 | K188: =IF(F188=0,0,H188/F188) -> 195.48608 | L188: =IF(G188=0,0,H188/G188) -> 169.42127 | M188: =K188-I188 -> 1.8860769
A189: 45845 | B189: Liffey Quarter Hotel | C189: =CHOOSE(MONTH(A189),"Jan","Feb","Mar","Apr","May","Jun","Jul","Aug","Sep","Oct","Nov","Dec") -> Jul | D189: =IF(AND(MONTH(A189)>=5,MONTH(A189)<=9),"Peak","Off-Peak") -> Peak | E189: =CHOOSE(WEEKDAY(A189,2),"Mon","Tue","Wed","Thu","Fri","Sat","Sun") -> Mon | F189: 130 | G189: 150 | H189: 25857.4 | I189: 191.47 | J189: =IF(G189=0,0,F189/G189) -> 0.86666667 | K189: =IF(F189=0,0,H189/F189) -> 198.90308 | L189: =IF(G189=0,0,H189/G189) -> 172.38267 | M189: =K189-I189 -> 7.4330769
A190: 45846 | B190: Liffey Quarter Hotel | C190: =CHOOSE(MONTH(A190),"Jan","Feb","Mar","Apr","May","Jun","Jul","Aug","Sep","Oct","Nov","Dec") -> Jul | D190: =IF(AND(MONTH(A190)>=5,MONTH(A190)<=9),"Peak","Off-Peak") -> Peak | E190: =CHOOSE(WEEKDAY(A190,2),"Mon","Tue","Wed","Thu","Fri","Sat","Sun") -> Tue | F190: 135 | G190: 150 | H190: 27761.41 | I190: 197.64 | J190: =IF(G190=0,0,F190/G190) -> 0.9 | K190: =IF(F190=0,0,H190/F190) -> 205.64007 | L190: =IF(G190=0,0,H190/G190) -> 185.07607 | M190: =K190-I190 -> 8.0000741
A191: 45847 | B191: Liffey Quarter Hotel | C191: =CHOOSE(MONTH(A191),"Jan","Feb","Mar","Apr","May","Jun","Jul","Aug","Sep","Oct","Nov","Dec") -> Jul | D191: =IF(AND(MONTH(A191)>=5,MONTH(A191)<=9),"Peak","Off-Peak") -> Peak | E191: =CHOOSE(WEEKDAY(A191,2),"Mon","Tue","Wed","Thu","Fri","Sat","Sun") -> Wed | F191: 124 | G191: 150 | H191: 27147.28 | I191: 196.94 | J191: =IF(G191=0,0,F191/G191) -> 0.82666667 | K191: =IF(F191=0,0,H191/F191) -> 218.92968 | L191: =IF(G191=0,0,H191/G191) -> 180.98187 | M191: =K191-I191 -> 21.989677
A192: 45848 | B192: Liffey Quarter Hotel | C192: =CHOOSE(MONTH(A192),"Jan","Feb","Mar","Apr","May","Jun","Jul","Aug","Sep","Oct","Nov","Dec") -> Jul | D192: =IF(AND(MONTH(A192)>=5,MONTH(A192)<=9),"Peak","Off-Peak") -> Peak | E192: =CHOOSE(WEEKDAY(A192,2),"Mon","Tue","Wed","Thu","Fri","Sat","Sun") -> Thu | F192: 136 | G192: 150 | H192: 29940.69 | I192: 204.27 | J192: =IF(G192=0,0,F192/G192) -> 0.90666667 | K192: =IF(F192=0,0,H192/F192) -> 220.15213 | L192: =IF(G192=0,0,H192/G192) -> 199.6046 | M192: =K192-I192 -> 15.882132
A193: 45849 | B193: Liffey Quarter Hotel | C193: =CHOOSE(MONTH(A193),"Jan","Feb","Mar","Apr","May","Jun","Jul","Aug","Sep","Oct","Nov","Dec") -> Jul | D193: =IF(AND(MONTH(A193)>=5,MONTH(A193)<=9),"Peak","Off-Peak") -> Peak | E193: =CHOOSE(WEEKDAY(A193,2),"Mon","Tue","Wed","Thu","Fri","Sat","Sun") -> Fri | F193: 148 | G193: 150 | H193: 43439.51 | I193: 262.79 | J193: =IF(G193=0,0,F193/G193) -> 0.98666667 | K193: =IF(F193=0,0,H193/F193) -> 293.5102 | L193: =IF(G193=0,0,H193/G193) -> 289.59673 | M193: =K193-I193 -> 30.720203 | N193: Stadium concert (illustrative)
A194: 45850 | B194: Liffey Quarter Hotel | C194: =CHOOSE(MONTH(A194),"Jan","Feb","Mar","Apr","May","Jun","Jul","Aug","Sep","Oct","Nov","Dec") -> Jul | D194: =IF(AND(MONTH(A194)>=5,MONTH(A194)<=9),"Peak","Off-Peak") -> Peak | E194: =CHOOSE(WEEKDAY(A194,2),"Mon","Tue","Wed","Thu","Fri","Sat","Sun") -> Sat | F194: 148 | G194: 150 | H194: 45274.57 | I194: 262.36 | J194: =IF(G194=0,0,F194/G194) -> 0.98666667 | K194: =IF(F194=0,0,H194/F194) -> 305.90926 | L194: =IF(G194=0,0,H194/G194) -> 301.83047 | M194: =K194-I194 -> 43.549257 | N194: Stadium concert (illustrative)
A195: 45851 | B195: Liffey Quarter Hotel | C195: =CHOOSE(MONTH(A195),"Jan","Feb","Mar","Apr","May","Jun","Jul","Aug","Sep","Oct","Nov","Dec") -> Jul | D195: =IF(AND(MONTH(A195)>=5,MONTH(A195)<=9),"Peak","Off-Peak") -> Peak | E195: =CHOOSE(WEEKDAY(A195,2),"Mon","Tue","Wed","Thu","Fri","Sat","Sun") -> Sun | F195: 122 | G195: 150 | H195: 23849.86 | I195: 185.11 | J195: =IF(G195=0,0,F195/G195) -> 0.81333333 | K195: =IF(F195=0,0,H195/F195) -> 195.49066 | L195: =IF(G195=0,0,H195/G195) -> 158.99907 | M195: =K195-I195 -> 10.380656
A196: 45852 | B196: Liffey Quarter Hotel | C196: =CHOOSE(MONTH(A196),"Jan","Feb","Mar","Apr","May","Jun","Jul","Aug","Sep","Oct","Nov","Dec") -> Jul | D196: =IF(AND(MONTH(A196)>=5,MONTH(A196)<=9),"Peak","Off-Peak") -> Peak | E196: =CHOOSE(WEEKDAY(A196,2),"Mon","Tue","Wed","Thu","Fri","Sat","Sun") -> Mon | F196: 129 | G196: 150 | H196: 25338.5 | I196: 194.88 | J196: =IF(G196=0,0,F196/G196) -> 0.86 | K196: =IF(F196=0,0,H196/F196) -> 196.42248 | L196: =IF(G196=0,0,H196/G196) -> 168.92333 | M196: =K196-I196 -> 1.5424806
A197: 45853 | B197: Liffey Quarter Hotel | C197: =CHOOSE(MONTH(A197),"Jan","Feb","Mar","Apr","May","Jun","Jul","Aug","Sep","Oct","Nov","Dec") -> Jul | D197: =IF(AND(MONTH(A197)>=5,MONTH(A197)<=9),"Peak","Off-Peak") -> Peak | E197: =CHOOSE(WEEKDAY(A197,2),"Mon","Tue","Wed","Thu","Fri","Sat","Sun") -> Tue | F197: 136 | G197: 150 | H197: 28750.78 | I197: 200.11 | J197: =IF(G197=0,0,F197/G197) -> 0.90666667 | K197: =IF(F197=0,0,H197/F197) -> 211.40279 | L197: =IF(G197=0,0,H197/G197) -> 191.67187 | M197: =K197-I197 -> 11.292794
A198: 45854 | B198: Liffey Quarter Hotel | C198: =CHOOSE(MONTH(A198),"Jan","Feb","Mar","Apr","May","Jun","Jul","Aug","Sep","Oct","Nov","Dec") -> Jul | D198: =IF(AND(MONTH(A198)>=5,MONTH(A198)<=9),"Peak","Off-Peak") -> Peak | E198: =CHOOSE(WEEKDAY(A198,2),"Mon","Tue","Wed","Thu","Fri","Sat","Sun") -> Wed | F198: 140 | G198: 150 | H198: 28271.16 | I198: 195.41 | J198: =IF(G198=0,0,F198/G198) -> 0.93333333 | K198: =IF(F198=0,0,H198/F198) -> 201.93686 | L198: =IF(G198=0,0,H198/G198) -> 188.4744 | M198: =K198-I198 -> 6.5268571
A199: 45855 | B199: Liffey Quarter Hotel | C199: =CHOOSE(MONTH(A199),"Jan","Feb","Mar","Apr","May","Jun","Jul","Aug","Sep","Oct","Nov","Dec") -> Jul | D199: =IF(AND(MONTH(A199)>=5,MONTH(A199)<=9),"Peak","Off-Peak") -> Peak | E199: =CHOOSE(WEEKDAY(A199,2),"Mon","Tue","Wed","Thu","Fri","Sat","Sun") -> Thu | F199: 144 | G199: 150 | H199: 30417.05 | I199: 202.71 | J199: =IF(G199=0,0,F199/G199) -> 0.96 | K199: =IF(F199=0,0,H199/F199) -> 211.22951 | L199: =IF(G199=0,0,H199/G199) -> 202.78033 | M199: =K199-I199 -> 8.5195139
A200: 45856 | B200: Liffey Quarter Hotel | C200: =CHOOSE(MONTH(A200),"Jan","Feb","Mar","Apr","May","Jun","Jul","Aug","Sep","Oct","Nov","Dec") -> Jul | D200: =IF(AND(MONTH(A200)>=5,MONTH(A200)<=9),"Peak","Off-Peak") -> Peak | E200: =CHOOSE(WEEKDAY(A200,2),"Mon","Tue","Wed","Thu","Fri","Sat","Sun") -> Fri | F200: 148 | G200: 150 | H200: 32614.78 | I200: 217.33 | J200: =IF(G200=0,0,F200/G200) -> 0.98666667 | K200: =IF(F200=0,0,H200/F200) -> 220.37014 | L200: =IF(G200=0,0,H200/G200) -> 217.43187 | M200: =K200-I200 -> 3.0401351
A201: 45857 | B201: Liffey Quarter Hotel | C201: =CHOOSE(MONTH(A201),"Jan","Feb","Mar","Apr","May","Jun","Jul","Aug","Sep","Oct","Nov","Dec") -> Jul | D201: =IF(AND(MONTH(A201)>=5,MONTH(A201)<=9),"Peak","Off-Peak") -> Peak | E201: =CHOOSE(WEEKDAY(A201,2),"Mon","Tue","Wed","Thu","Fri","Sat","Sun") -> Sat | F201: 148 | G201: 150 | H201: 40551.34 | I201: 244.1 | J201: =IF(G201=0,0,F201/G201) -> 0.98666667 | K201: =IF(F201=0,0,H201/F201) -> 273.99554 | L201: =IF(G201=0,0,H201/G201) -> 270.34227 | M201: =K201-I201 -> 29.895541 | N201: GAA All-Ireland weekend
A202: 45858 | B202: Liffey Quarter Hotel | C202: =CHOOSE(MONTH(A202),"Jan","Feb","Mar","Apr","May","Jun","Jul","Aug","Sep","Oct","Nov","Dec") -> Jul | D202: =IF(AND(MONTH(A202)>=5,MONTH(A202)<=9),"Peak","Off-Peak") -> Peak | E202: =CHOOSE(WEEKDAY(A202,2),"Mon","Tue","Wed","Thu","Fri","Sat","Sun") -> Sun | F202: 134 | G202: 150 | H202: 29932.55 | I202: 221.79 | J202: =IF(G202=0,0,F202/G202) -> 0.89333333 | K202: =IF(F202=0,0,H202/F202) -> 223.37724 | L202: =IF(G202=0,0,H202/G202) -> 199.55033 | M202: =K202-I202 -> 1.5872388 | N202: GAA All-Ireland weekend
A203: 45859 | B203: Liffey Quarter Hotel | C203: =CHOOSE(MONTH(A203),"Jan","Feb","Mar","Apr","May","Jun","Jul","Aug","Sep","Oct","Nov","Dec") -> Jul | D203: =IF(AND(MONTH(A203)>=5,MONTH(A203)<=9),"Peak","Off-Peak") -> Peak | E203: =CHOOSE(WEEKDAY(A203,2),"Mon","Tue","Wed","Thu","Fri","Sat","Sun") -> Mon | F203: 133 | G203: 150 | H203: 25384.5 | I203: 193.7 | J203: =IF(G203=0,0,F203/G203) -> 0.88666667 | K203: =IF(F203=0,0,H203/F203) -> 190.8609 | L203: =IF(G203=0,0,H203/G203) -> 169.23 | M203: =K203-I203 -> -2.8390977
A204: 45860 | B204: Liffey Quarter Hotel | C204: =CHOOSE(MONTH(A204),"Jan","Feb","Mar","Apr","May","Jun","Jul","Aug","Sep","Oct","Nov","Dec") -> Jul | D204: =IF(AND(MONTH(A204)>=5,MONTH(A204)<=9),"Peak","Off-Peak") -> Peak | E204: =CHOOSE(WEEKDAY(A204,2),"Mon","Tue","Wed","Thu","Fri","Sat","Sun") -> Tue | F204: 135 | G204: 150 | H204: 27715.77 | I204: 196.43 | J204: =IF(G204=0,0,F204/G204) -> 0.9 | K204: =IF(F204=0,0,H204/F204) -> 205.302 | L204: =IF(G204=0,0,H204/G204) -> 184.7718 | M204: =K204-I204 -> 8.872
A205: 45861 | B205: Liffey Quarter Hotel | C205: =CHOOSE(MONTH(A205),"Jan","Feb","Mar","Apr","May","Jun","Jul","Aug","Sep","Oct","Nov","Dec") -> Jul | D205: =IF(AND(MONTH(A205)>=5,MONTH(A205)<=9),"Peak","Off-Peak") -> Peak | E205: =CHOOSE(WEEKDAY(A205,2),"Mon","Tue","Wed","Thu","Fri","Sat","Sun") -> Wed | F205: 139 | G205: 150 | H205: 29079.89 | I205: 196.57 | J205: =IF(G205=0,0,F205/G205) -> 0.92666667 | K205: =IF(F205=0,0,H205/F205) -> 209.20784 | L205: =IF(G205=0,0,H205/G205) -> 193.86593 | M205: =K205-I205 -> 12.637842
A206: 45862 | B206: Liffey Quarter Hotel | C206: =CHOOSE(MONTH(A206),"Jan","Feb","Mar","Apr","May","Jun","Jul","Aug","Sep","Oct","Nov","Dec") -> Jul | D206: =IF(AND(MONTH(A206)>=5,MONTH(A206)<=9),"Peak","Off-Peak") -> Peak | E206: =CHOOSE(WEEKDAY(A206,2),"Mon","Tue","Wed","Thu","Fri","Sat","Sun") -> Thu | F206: 148 | G206: 150 | H206: 30559.06 | I206: 203.88 | J206: =IF(G206=0,0,F206/G206) -> 0.98666667 | K206: =IF(F206=0,0,H206/F206) -> 206.48014 | L206: =IF(G206=0,0,H206/G206) -> 203.72707 | M206: =K206-I206 -> 2.6001351
A207: 45863 | B207: Liffey Quarter Hotel | C207: =CHOOSE(MONTH(A207),"Jan","Feb","Mar","Apr","May","Jun","Jul","Aug","Sep","Oct","Nov","Dec") -> Jul | D207: =IF(AND(MONTH(A207)>=5,MONTH(A207)<=9),"Peak","Off-Peak") -> Peak | E207: =CHOOSE(WEEKDAY(A207,2),"Mon","Tue","Wed","Thu","Fri","Sat","Sun") -> Fri | F207: 144 | G207: 150 | H207: 33127.01 | I207: 212.19 | J207: =IF(G207=0,0,F207/G207) -> 0.96 | K207: =IF(F207=0,0,H207/F207) -> 230.04868 | L207: =IF(G207=0,0,H207/G207) -> 220.84673 | M207: =K207-I207 -> 17.858681
A208: 45864 | B208: Liffey Quarter Hotel | C208: =CHOOSE(MONTH(A208),"Jan","Feb","Mar","Apr","May","Jun","Jul","Aug","Sep","Oct","Nov","Dec") -> Jul | D208: =IF(AND(MONTH(A208)>=5,MONTH(A208)<=9),"Peak","Off-Peak") -> Peak | E208: =CHOOSE(WEEKDAY(A208,2),"Mon","Tue","Wed","Thu","Fri","Sat","Sun") -> Sat | F208: 143 | G208: 150 | H208: 32223.6 | I208: 214.58 | J208: =IF(G208=0,0,F208/G208) -> 0.95333333 | K208: =IF(F208=0,0,H208/F208) -> 225.33986 | L208: =IF(G208=0,0,H208/G208) -> 214.824 | M208: =K208-I208 -> 10.75986
A209: 45865 | B209: Liffey Quarter Hotel | C209: =CHOOSE(MONTH(A209),"Jan","Feb","Mar","Apr","May","Jun","Jul","Aug","Sep","Oct","Nov","Dec") -> Jul | D209: =IF(AND(MONTH(A209)>=5,MONTH(A209)<=9),"Peak","Off-Peak") -> Peak | E209: =CHOOSE(WEEKDAY(A209,2),"Mon","Tue","Wed","Thu","Fri","Sat","Sun") -> Sun | F209: 122 | G209: 150 | H209: 24137.04 | I209: 188.51 | J209: =IF(G209=0,0,F209/G209) -> 0.81333333 | K209: =IF(F209=0,0,H209/F209) -> 197.84459 | L209: =IF(G209=0,0,H209/G209) -> 160.9136 | M209: =K209-I209 -> 9.3345902
A210: 45866 | B210: Liffey Quarter Hotel | C210: =CHOOSE(MONTH(A210),"Jan","Feb","Mar","Apr","May","Jun","Jul","Aug","Sep","Oct","Nov","Dec") -> Jul | D210: =IF(AND(MONTH(A210)>=5,MONTH(A210)<=9),"Peak","Off-Peak") -> Peak | E210: =CHOOSE(WEEKDAY(A210,2),"Mon","Tue","Wed","Thu","Fri","Sat","Sun") -> Mon | F210: 121 | G210: 150 | H210: 23539.11 | I210: 192.48 | J210: =IF(G210=0,0,F210/G210) -> 0.80666667 | K210: =IF(F210=0,0,H210/F210) -> 194.5381 | L210: =IF(G210=0,0,H210/G210) -> 156.9274 | M210: =K210-I210 -> 2.0580992
A211: 45867 | B211: Liffey Quarter Hotel | C211: =CHOOSE(MONTH(A211),"Jan","Feb","Mar","Apr","May","Jun","Jul","Aug","Sep","Oct","Nov","Dec") -> Jul | D211: =IF(AND(MONTH(A211)>=5,MONTH(A211)<=9),"Peak","Off-Peak") -> Peak | E211: =CHOOSE(WEEKDAY(A211,2),"Mon","Tue","Wed","Thu","Fri","Sat","Sun") -> Tue | F211: 138 | G211: 150 | H211: 28258.12 | I211: 200.32 | J211: =IF(G211=0,0,F211/G211) -> 0.92 | K211: =IF(F211=0,0,H211/F211) -> 204.76899 | L211: =IF(G211=0,0,H211/G211) -> 188.38747 | M211: =K211-I211 -> 4.4489855
A212: 45868 | B212: Liffey Quarter Hotel | C212: =CHOOSE(MONTH(A212),"Jan","Feb","Mar","Apr","May","Jun","Jul","Aug","Sep","Oct","Nov","Dec") -> Jul | D212: =IF(AND(MONTH(A212)>=5,MONTH(A212)<=9),"Peak","Off-Peak") -> Peak | E212: =CHOOSE(WEEKDAY(A212,2),"Mon","Tue","Wed","Thu","Fri","Sat","Sun") -> Wed | F212: 141 | G212: 150 | H212: 30312.93 | I212: 199.58 | J212: =IF(G212=0,0,F212/G212) -> 0.94 | K212: =IF(F212=0,0,H212/F212) -> 214.98532 | L212: =IF(G212=0,0,H212/G212) -> 202.0862 | M212: =K212-I212 -> 15.405319
A213: 45869 | B213: Liffey Quarter Hotel | C213: =CHOOSE(MONTH(A213),"Jan","Feb","Mar","Apr","May","Jun","Jul","Aug","Sep","Oct","Nov","Dec") -> Jul | D213: =IF(AND(MONTH(A213)>=5,MONTH(A213)<=9),"Peak","Off-Peak") -> Peak | E213: =CHOOSE(WEEKDAY(A213,2),"Mon","Tue","Wed","Thu","Fri","Sat","Sun") -> Thu | F213: 136 | G213: 150 | H213: 28110.34 | I213: 201.32 | J213: =IF(G213=0,0,F213/G213) -> 0.90666667 | K213: =IF(F213=0,0,H213/F213) -> 206.69368 | L213: =IF(G213=0,0,H213/G213) -> 187.40227 | M213: =K213-I213 -> 5.3736765
A214: 45870 | B214: Liffey Quarter Hotel | C214: =CHOOSE(MONTH(A214),"Jan","Feb","Mar","Apr","May","Jun","Jul","Aug","Sep","Oct","Nov","Dec") -> Aug | D214: =IF(AND(MONTH(A214)>=5,MONTH(A214)<=9),"Peak","Off-Peak") -> Peak | E214: =CHOOSE(WEEKDAY(A214,2),"Mon","Tue","Wed","Thu","Fri","Sat","Sun") -> Fri | F214: 144 | G214: 150 | H214: 31337.23 | I214: 217.05 | J214: =IF(G214=0,0,F214/G214) -> 0.96 | K214: =IF(F214=0,0,H214/F214) -> 217.61965 | L214: =IF(G214=0,0,H214/G214) -> 208.91487 | M214: =K214-I214 -> 0.56965278
... A220: 45876 | B220: Liffey Quarter Hotel | C220: =CHOOSE(MONTH(A220),"Jan","Feb","Mar","Apr","May","Jun","Jul","Aug","Sep","Oct","Nov","Dec") -> Aug | D220: =IF(AND(MONTH(A220)>=5,MONTH(A220)<=9),"Peak","Off-Peak") -> Peak | E220: =CHOOSE(WEEKDAY(A220,2),"Mon","Tue","Wed","Thu","Fri","Sat","Sun") -> Thu | F220: 148 | G220: 150 | H220: 30277.22 | I220: 217.37 | J220: =IF(G220=0,0,F220/G220) -> 0.98666667 | K220: =IF(F220=0,0,H220/F220) -> 204.57581 | L220: =IF(G220=0,0,H220/G220) -> 201.84813 | M220: =K220-I220 -> -12.794189
A221: 45877 | B221: Liffey Quarter Hotel | C221: =CHOOSE(MONTH(A221),"Jan","Feb","Mar","Apr","May","Jun","Jul","Aug","Sep","Oct","Nov","Dec") -> Aug | D221: =IF(AND(MONTH(A221)>=5,MONTH(A221)<=9),"Peak","Off-Peak") -> Peak | E221: =CHOOSE(WEEKDAY(A221,2),"Mon","Tue","Wed","Thu","Fri","Sat","Sun") -> Fri | F221: 148 | G221: 150 | H221: 44555.69 | I221: 263.53 | J221: =IF(G221=0,0,F221/G221) -> 0.98666667 | K221: =IF(F221=0,0,H221/F221) -> 301.05196 | L221: =IF(G221=0,0,H221/G221) -> 297.03793 | M221: =K221-I221 -> 37.521959 | N221: Stadium concert (illustrative)
A222: 45878 | B222: Liffey Quarter Hotel | C222: =CHOOSE(MONTH(A222),"Jan","Feb","Mar","Apr","May","Jun","Jul","Aug","Sep","Oct","Nov","Dec") -> Aug | D222: =IF(AND(MONTH(A222)>=5,MONTH(A222)<=9),"Peak","Off-Peak") -> Peak | E222: =CHOOSE(WEEKDAY(A222,2),"Mon","Tue","Wed","Thu","Fri","Sat","Sun") -> Sat | F222: 148 | G222: 150 | H222: 44034.96 | I222: 266.24 | J222: =IF(G222=0,0,F222/G222) -> 0.98666667 | K222: =IF(F222=0,0,H222/F222) -> 297.53351 | L222: =IF(G222=0,0,H222/G222) -> 293.5664 | M222: =K222-I222 -> 31.293514 | N222: Stadium concert (illustrative)
A223: 45879 | B223: Liffey Quarter Hotel | C223: =CHOOSE(MONTH(A223),"Jan","Feb","Mar","Apr","May","Jun","Jul","Aug","Sep","Oct","Nov","Dec") -> Aug | D223: =IF(AND(MONTH(A223)>=5,MONTH(A223)<=9),"Peak","Off-Peak") -> Peak | E223: =CHOOSE(WEEKDAY(A223,2),"Mon","Tue","Wed","Thu","Fri","Sat","Sun") -> Sun | F223: 127 | G223: 150 | H223: 27032.61 | I223: 202.95 | J223: =IF(G223=0,0,F223/G223) -> 0.84666667 | K223: =IF(F223=0,0,H223/F223) -> 212.8552 | L223: =IF(G223=0,0,H223/G223) -> 180.2174 | M223: =K223-I223 -> 9.9051969
A224: 45880 | B224: Liffey Quarter Hotel | C224: =CHOOSE(MONTH(A224),"Jan","Feb","Mar","Apr","May","Jun","Jul","Aug","Sep","Oct","Nov","Dec") -> Aug | D224: =IF(AND(MONTH(A224)>=5,MONTH(A224)<=9),"Peak","Off-Peak") -> Peak | E224: =CHOOSE(WEEKDAY(A224,2),"Mon","Tue","Wed","Thu","Fri","Sat","Sun") -> Mon | F224: 134 | G224: 150 | H224: 28333.87 | I224: 198.42 | J224: =IF(G224=0,0,F224/G224) -> 0.89333333 | K224: =IF(F224=0,0,H224/F224) -> 211.44679 | L224: =IF(G224=0,0,H224/G224) -> 188.89247 | M224: =K224-I224 -> 13.026791
A225: 45881 | B225: Liffey Quarter Hotel | C225: =CHOOSE(MONTH(A225),"Jan","Feb","Mar","Apr","May","Jun","Jul","Aug","Sep","Oct","Nov","Dec") -> Aug | D225: =IF(AND(MONTH(A225)>=5,MONTH(A225)<=9),"Peak","Off-Peak") -> Peak | E225: =CHOOSE(WEEKDAY(A225,2),"Mon","Tue","Wed","Thu","Fri","Sat","Sun") -> Tue | F225: 139 | G225: 150 | H225: 29095.58 | I225: 203.5 | J225: =IF(G225=0,0,F225/G225) -> 0.92666667 | K225: =IF(F225=0,0,H225/F225) -> 209.32072 | L225: =IF(G225=0,0,H225/G225) -> 193.97053 | M225: =K225-I225 -> 5.8207194
A226: 45882 | B226: Liffey Quarter Hotel | C226: =CHOOSE(MONTH(A226),"Jan","Feb","Mar","Apr","May","Jun","Jul","Aug","Sep","Oct","Nov","Dec") -> Aug | D226: =IF(AND(MONTH(A226)>=5,MONTH(A226)<=9),"Peak","Off-Peak") -> Peak | E226: =CHOOSE(WEEKDAY(A226,2),"Mon","Tue","Wed","Thu","Fri","Sat","Sun") -> Wed | F226: 142 | G226: 150 | H226: 30250.14 | I226: 210.56 | J226: =IF(G226=0,0,F226/G226) -> 0.94666667 | K226: =IF(F226=0,0,H226/F226) -> 213.02915 | L226: =IF(G226=0,0,H226/G226) -> 201.6676 | M226: =K226-I226 -> 2.4691549
...

Sheet Monthly Data
A1: Choose Hotel: | B1: =Dashboard!$B$6 -> Hotel California | H1: =IF(Dashboard!$B$6="All Properties","*",Dashboard!$B$6) -> Hotel California
A3: Month | B3: Rooms Sold | C3: Rooms Available | D3: Room Revenue (€) | E3: Occupancy % | F3: ADR (€) | G3: RevPAR (€) | H3: CompSet Avg Rate (€) | I3: Rate Variance (€) | J3: Rate Index (ADR/CompSet ×100)
A4: Jan | B4: =SUMIFS(HotelData[Rooms Sold],HotelData[Month],$A4,HotelData[Property],$H$1) -> 3158 | C4: =SUMIFS(HotelData[Total Rooms Available],HotelData[Month],$A4,HotelData[Property],$H$1) -> 3875 | D4: =SUMIFS(HotelData[Room Revenue (€)],HotelData[Month],$A4,HotelData[Property],$H$1) -> 773257 | E4: =IF(C4=0,0,B4/C4) -> 0.81496774 | F4: =IF(B4=0,0,D4/B4) -> 244.85655 | G4: =IF(C4=0,0,D4/C4) -> 199.55019 | H4: =AVERAGEIFS(HotelData[Competitor Set Avg Rate (€)],HotelData[Month],$A4,HotelData[Property],$H$1) -> 187.09677 | I4: =F4-H4 -> 57.759781 | J4: =IF(H4=0,0,F4/H4*100) -> 130.87161
A5: Feb | B5: =SUMIFS(HotelData[Rooms Sold],HotelData[Month],$A5,HotelData[Property],$H$1) -> 2951 | C5: =SUMIFS(HotelData[Total Rooms Available],HotelData[Month],$A5,HotelData[Property],$H$1) -> 3500 | D5: =SUMIFS(HotelData[Room Revenue (€)],HotelData[Month],$A5,HotelData[Property],$H$1) -> 670944 | E5: =IF(C5=0,0,B5/C5) -> 0.84314286 | F5: =IF(B5=0,0,D5/B5) -> 227.36157 | G5: =IF(C5=0,0,D5/C5) -> 191.69829 | H5: =AVERAGEIFS(HotelData[Competitor Set Avg Rate (€)],HotelData[Month],$A5,HotelData[Property],$H$1) -> 179.78571 | I5: =F5-H5 -> 47.575858 | J5: =IF(H5=0,0,F5/H5*100) -> 126.46254
A6: Mar | B6: =SUMIFS(HotelData[Rooms Sold],HotelData[Month],$A6,HotelData[Property],$H$1) -> 3137 | C6: =SUMIFS(HotelData[Total Rooms Available],HotelData[Month],$A6,HotelData[Property],$H$1) -> 3875 | D6: =SUMIFS(HotelData[Room Revenue (€)],HotelData[Month],$A6,HotelData[Property],$H$1) -> 745712 | E6: =IF(C6=0,0,B6/C6) -> 0.80954839 | F6: =IF(B6=0,0,D6/B6) -> 237.71501 | G6: =IF(C6=0,0,D6/C6) -> 192.44181 | H6: =AVERAGEIFS(HotelData[Competitor Set Avg Rate (€)],HotelData[Month],$A6,HotelData[Property],$H$1) -> 192.51613 | I6: =F6-H6 -> 45.198885 | J6: =IF(H6=0,0,F6/H6*100) -> 123.47797
A7: Apr | B7: =SUMIFS(HotelData[Rooms Sold],HotelData[Month],$A7,HotelData[Property],$H$1) -> 3135 | C7: =SUMIFS(HotelData[Total Rooms Available],HotelData[Month],$A7,HotelData[Property],$H$1) -> 3750 | D7: =SUMIFS(HotelData[Room Revenue (€)],HotelData[Month],$A7,HotelData[Property],$H$1) -> 588293 | E7: =IF(C7=0,0,B7/C7) -> 0.836 | F7: =IF(B7=0,0,D7/B7) -> 187.65327 | G7: =IF(C7=0,0,D7/C7) -> 156.87813 | H7: =AVERAGEIFS(HotelData[Competitor Set Avg Rate (€)],HotelData[Month],$A7,HotelData[Property],$H$1) -> 173.5 | I7: =F7-H7 -> 14.15327 | J7: =IF(H7=0,0,F7/H7*100) -> 108.1575
A8: May | B8: =SUMIFS(HotelData[Rooms Sold],HotelData[Month],$A8,HotelData[Property],$H$1) -> 3170 | C8: =SUMIFS(HotelData[Total Rooms Available],HotelData[Month],$A8,HotelData[Property],$H$1) -> 3875 | D8: =SUMIFS(HotelData[Room Revenue (€)],HotelData[Month],$A8,HotelData[Property],$H$1) -> 650539 | E8: =IF(C8=0,0,B8/C8) -> 0.81806452 | F8: =IF(B8=0,0,D8/B8) -> 205.21735 | G8: =IF(C8=0,0,D8/C8) -> 167.88103 | H8: =AVERAGEIFS(HotelData[Competitor Set Avg Rate (€)],HotelData[Month],$A8,HotelData[Property],$H$1) -> 180.03226 | I8: =F8-H8 -> 25.185092 | J8: =IF(H8=0,0,F8/H8*100) -> 113.98921
A9: Jun | B9: =SUMIFS(HotelData[Rooms Sold],HotelData[Month],$A9,HotelData[Property],$H$1) -> 3077 | C9: =SUMIFS(HotelData[Total Rooms Available],HotelData[Month],$A9,HotelData[Property],$H$1) -> 3750 | D9: =SUMIFS(HotelData[Room Revenue (€)],HotelData[Month],$A9,HotelData[Property],$H$1) -> 617874 | E9: =IF(C9=0,0,B9/C9) -> 0.82053333 | F9: =IF(B9=0,0,D9/B9) -> 200.80403 | G9: =IF(C9=0,0,D9/C9) -> 164.7664 | H9: =AVERAGEIFS(HotelData[Competitor Set Avg Rate (€)],HotelData[Month],$A9,HotelData[Property],$H$1) -> 188.4 | I9: =F9-H9 -> 12.40403 | J9: =IF(H9=0,0,F9/H9*100) -> 106.58388
A10: Jul | B10: =SUMIFS(HotelData[Rooms Sold],HotelData[Month],$A10,HotelData[Property],$H$1) -> 3221 | C10: =SUMIFS(HotelData[Total Rooms Available],HotelData[Month],$A10,HotelData[Property],$H$1) -> 3875 | D10: =SUMIFS(HotelData[Room Revenue (€)],HotelData[Month],$A10,HotelData[Property],$H$1) -> 660406 | E10: =IF(C10=0,0,B10/C10) -> 0.83122581 | F10: =IF(B10=0,0,D10/B10) -> 205.03136 | G10: =IF(C10=0,0,D10/C10) -> 170.42735 | H10: =AVERAGEIFS(HotelData[Competitor Set Avg Rate (€)],HotelData[Month],$A10,HotelData[Property],$H$1) -> 181.58065 | I10: =F10-H10 -> 23.450712 | J10: =IF(H10=0,0,F10/H10*100) -> 112.91476
A11: Aug | B11: =SUMIFS(HotelData[Rooms Sold],HotelData[Month],$A11,HotelData[Property],$H$1) -> 3242 | C11: =SUMIFS(HotelData[Total Rooms Available],HotelData[Month],$A11,HotelData[Property],$H$1) -> 3875 | D11: =SUMIFS(HotelData[Room Revenue (€)],HotelData[Month],$A11,HotelData[Property],$H$1) -> 796164 | E11: =IF(C11=0,0,B11/C11) -> 0.83664516 | F11: =IF(B11=0,0,D11/B11) -> 245.57804 | G11: =IF(C11=0,0,D11/C11) -> 205.46168 | H11: =AVERAGEIFS(HotelData[Competitor Set Avg Rate (€)],HotelData[Month],$A11,HotelData[Property],$H$1) -> 188.64516 | I11: =F11-H11 -> 56.932877 | J11: =IF(H11=0,0,F11/H11*100) -> 130.17988
A12: Sep | B12: =SUMIFS(HotelData[Rooms Sold],HotelData[Month],$A12,HotelData[Property],$H$1) -> 3052 | C12: =SUMIFS(HotelData[Total Rooms Available],HotelData[Month],$A12,HotelData[Property],$H$1) -> 3750 | D12: =SUMIFS(HotelData[Room Revenue (€)],HotelData[Month],$A12,HotelData[Property],$H$1) -> 653256 | E12: =IF(C12=0,0,B12/C12) -> 0.81386667 | F12: =IF(B12=0,0,D12/B12) -> 214.04194 | G12: =IF(C12=0,0,D12/C12) -> 174.2016 | H12: =AVERAGEIFS(HotelData[Competitor Set Avg Rate (€)],HotelData[Month],$A12,HotelData[Property],$H$1) -> 195.83333 | I12: =F12-H12 -> 18.208606 | J12: =IF(H12=0,0,F12/H12*100) -> 109.29801
A13: Oct | B13: =SUMIFS(HotelData[Rooms Sold],HotelData[Month],$A13,HotelData[Property],$H$1) -> 3117 | C13: =SUMIFS(HotelData[Total Rooms Available],HotelData[Month],$A13,HotelData[Property],$H$1) -> 3875 | D13: =SUMIFS(HotelData[Room Revenue (€)],HotelData[Month],$A13,HotelData[Property],$H$1) -> 778730 | E13: =IF(C13=0,0,B13/C13) -> 0.8043871 | F13: =IF(B13=0,0,D13/B13) -> 249.83317 | G13: =IF(C13=0,0,D13/C13) -> 200.96258 | H13: =AVERAGEIFS(HotelData[Competitor Set Avg Rate (€)],HotelData[Month],$A13,HotelData[Property],$H$1) -> 184.12903 | I13: =F13-H13 -> 65.704141 | J13: =IF(H13=0,0,F13/H13*100) -> 135.68375
A14: Nov | B14: =SUMIFS(HotelData[Rooms Sold],HotelData[Month],$A14,HotelData[Property],$H$1) -> 3133 | C14: =SUMIFS(HotelData[Total Rooms Available],HotelData[Month],$A14,HotelData[Property],$H$1) -> 3750 | D14: =SUMIFS(HotelData[Room Revenue (€)],HotelData[Month],$A14,HotelData[Property],$H$1) -> 663589 | E14: =IF(C14=0,0,B14/C14) -> 0.83546667 | F14: =IF(B14=0,0,D14/B14) -> 211.80626 | G14: =IF(C14=0,0,D14/C14) -> 176.95707 | H14: =AVERAGEIFS(HotelData[Competitor Set Avg Rate (€)],HotelData[Month],$A14,HotelData[Property],$H$1) -> 181.06667 | I14: =F14-H14 -> 30.739589 | J14: =IF(H14=0,0,F14/H14*100) -> 116.97695
A15: Dec | B15: =SUMIFS(HotelData[Rooms Sold],HotelData[Month],$A15,HotelData[Property],$H$1) -> 3177 | C15: =SUMIFS(HotelData[Total Rooms Available],HotelData[Month],$A15,HotelData[Property],$H$1) -> 3875 | D15: =SUMIFS(HotelData[Room Revenue (€)],HotelData[Month],$A15,HotelData[Property],$H$1) -> 671483 | E15: =IF(C15=0,0,B15/C15) -> 0.81987097 | F15: =IF(B15=0,0,D15/B15) -> 211.35757 | G15: =IF(C15=0,0,D15/C15) -> 173.28594 | H15: =AVERAGEIFS(HotelData[Competitor Set Avg Rate (€)],HotelData[Month],$A15,HotelData[Property],$H$1) -> 184.58065 | I15: =F15-H15 -> 26.776925 | J15: =IF(H15=0,0,F15/H15*100) -> 114.5069
A16: Full Year | B16: =SUM(B4:B15) -> 37570 | C16: =SUM(C4:C15) -> 45625 | D16: =SUM(D4:D15) -> 8270247 | E16: =IF(C16=0,0,B16/C16) -> 0.82345205 | F16: =IF(B16=0,0,D16/B16) -> 220.12901 | G16: =IF(C16=0,0,D16/C16) -> 181.26569 | H16: =AVERAGEIFS(HotelData[Competitor Set Avg Rate (€)],HotelData[Property],$H$1) -> 184.80548 | I16: =F16-H16 -> 35.323533 | J16: =IF(H16=0,0,F16/H16*100) -> 119.1139

Sheet Info
A2: Glossary:
A3: ADR - Average Daily Rate (€)
A4: RevPAR - Revenue Per Available Room
A5: CompSet - Competitor Set Rates
